row_id;question;pole_1;pole_2;guille;guille_rule;guille_notes;blanca;blanca_rule;blanca_notes;final_dimension;;;;;;;;;;rule_applied;adjudication_notes
r3_03;In an event where the authority at your workplace made a decision you didn't agree with, what would be your reaction?;I would respect and accept their decision, even if I didn't agree with it, as they hold the right to make the final decisions.;I would express my disagreement directly to them, as I believe my viewpoint should also be taken into consideration.;Deciding;direct;G3;Leading;G6;Deference to authority dominant;Leading;;;;;;;;;;;
r3_05;How should the flow of information in an organization be structured?;There should be an open-flow, both top-down and bottom-up, where everyone is encouraged to contribute.;Primarily top-down, with leaders disseminating information to the employees.;Deciding;direct;G3;Leading;direct;Hierarchical vs open communication flow across levels.;Leading;;;;;;;;;;;
r3_07;How do you perceive the management style at your workplace?;I like the centralized approach where managers direct all activities and take most of the decisions.;I prefer a decentralized approach where employees are involved in decision-making and there is two-way communication.;Deciding;direct;G3;Leading;G6;Centralised vs decentralised power dominant;Deciding;;;;;;;;;;;
r3_15;How should leadership be defined in a team setting?;Leadership should be centered on one person who takes charge and makes the critical decisions.;Leadership should be distributed among the team members, promoting shared responsibilities and decision-making.;Deciding;direct;G3;Leading;G6;Concentrated vs distributed leadership dominant;Deciding;;;;;;;;;;;
r3_38;How do you perceive the distribution of responsibilities within a team?;Responsibilities should be distributed based on the rank of team members with higher rank individuals bearing more.;Responsibilities should be equally distributed, encouraging equal participation from all team members, regardless of position.;Deciding;G3;;Leading;direct;Responsibility allocated by rank = power distance.;Leading;;;;;;;;;;;
r3_64;How would you handle a situation where your personal work ethics conflict with your team's decision?;Align with their team's decision to maintain harmony and collective progress.;Stick with their personal beliefs and continue to follow their own ethics.;Disagreeing;direct;;Unmapped;G1;Conformity to the group vs personal conviction = individualism/collectivism. Not Disagreeing: pole 2 is not open dissent.;Unmapped;;;;;;;;;;;
r3_32;How do you regard the role of a manager in teamwork?;I view a manager as someone who should make key decisions, giving clear instructions to members.;I see a manager as a facilitator, who encourages discourse and collective decision-making.;Leading;direct;;Deciding;G6;Manager decides vs collective decision-making dominant;Deciding;;;;;;;;;;;
r3_21;Is it acceptable for a junior team member to openly criticize the ideas or decisions of a leadership figure?;No, such criticisms should be conveyed through the appropriate leadership channels.;Yes, work environments should encourage freedom of expression and open dialogue between all team members, regardless of rank.;Leading;;Deciding;Disagreeing;G6;Open criticism of a superior dominant;Disagreeing;;;;;;;;;;;
r3_86;What's emphasized more in your workplace's leadership style?;The leadership emphasizes on consensus, shared responsibilities, and team harmony.;The leadership stresses on decisiveness, individual responsibility, and achievement-oriented objectives.;Leading;;Deciding;Unmapped;G1;Consensus pole tempts Deciding, but the contrast pole is individual responsibility/achievement, not top-down authority. Confounded.;Unmapped;;;;;;;;;;;
r3_88;How would you approach a project with a distant deadline at work?;I would plan ahead, organize tasks strategically, focusing on perfecting the end product even if it requires more time and effort.;I would prioritize tasks based on their urgency and address them one by one, prioritizing immediate progress over long-term perfection.;Scheduling;direct;;Unmapped;G1;G2, hardest call: BOTH poles are monochronic ('one by one', 'plan ahead'). The real contrast is long-term perfection vs immediate progress, so no Scheduling axis.;Scheduling;;;;;;;;;;;
r3_54;When visiting an art exhibition, how should decision making about the organization of artwork be done?;The curator should decide the arrangement as they have the expertise and understanding of the intended message.;The decisions should be community-driven, with visitors' suggestions and preferences taken into consideration.;Unmapped;G1;;Deciding;G6;Expert/curator decides vs community-driven decision. Leading secondary.;Deciding;;;;;;;;;;;
r3_61;How are discussions about future plans, such as college or career choices, handled in your family?;Parents encourage children to express their career interests and aspirations as part of the decision-making process.;Parents tend to make these important decisions believing that they know what's best for their children.;Unmapped;G1;;Deciding;G6;Authority decides alone vs those affected participate;Unmapped;;;;;;;;;;;
r3_82;When launching a technological innovation, how should the company communicate changes to its employees?;The company should encourage an open discussion so that everyone understands the reasons behind the changes.;The high-level management should make final decisions and inform the employees about the changes.;Unmapped;G1;;Deciding;G6;Open discussion vs management decides and informs;Deciding;;;;;;;;;;;
r3_22;How should conflicts be resolved in the workplace?;Conflicts should be viewed as competition and should be resolved by those involved through direct confrontation.;Conflicts should be viewed as disturbances to group harmony and should be resolved collectively, ensuring minimal disruption to the group.;Unmapped;G1;;Disagreeing;direct;Confrontation vs harmony. Collective-resolution wording touches Deciding but conflict tolerance is the axis.;Disagreeing;;;;;;;;;;;
r3_83;How should conflicts be handled within a team focusing on technological innovation?;Conflicts should be addressed by building consensus, appeasing all parties involved and seeking harmonious collective decision-making.;Conflicts should be viewed as a normal part of the innovative process, with the strongest idea prevailing.;Unmapped;G1;;Disagreeing;direct;Conflict as harmony threat vs conflict as normal. 'Collective decision-making' wording touches Deciding but conflict tolerance is the axis.;Unmapped;;;;;;;;;;;
r3_28;How should rewards for successful technological innovation be distributed in the organization?;Leadership should primarily receive the credit as they guide the overall strategy and implementation.;Everyone involved should share the credit, regardless of their hierarchical position.;Unmapped;G1;;Leading;direct;Credit allocated by hierarchical position = power distance.;Unmapped;;;;;;;;;;;
r3_31;How do you feel when an established traditional arts company decides to innovate their art form significantly?;I would support it unconditionally as their status in the community is a guarantee of quality.;I would be cautious and critique the changes, believing that everyone's opinion matters in preserving the authenticity of traditional arts.;Unmapped;G1;;Leading;direct;Deference to elite status. Confounded: pole 2 also carries attitude to innovation (G1).;Leading;;;;;;;;;;;
r3_29;When thinking about career advancement, what is your stance on networking and socializing outside of working hours?;Informal networking and socializing are key strategies for building relationships, exploring new ideas, and furthering career opportunities.;Networking should be focused primarily within working hours to maintain a strict separation between the personal life and professional responsibilities.;Unmapped;G1;;Trusting;direct;Relationship-based trust built outside work hours vs strict task-based separation. Borderline: work-life boundary component.;Unmapped;;;;;;;;;;;
r3_33;How do you imagine the ideal office environment regarding interpersonal relationships and career advancement?;An office where employees are encouraged to socialize, express themselves freely and engage in enjoyable activities facilitates creativity and productivity.;An environment that encourages formal relations and limit interruptions enable maximum focus on immediate tasks and work-related issues.;Unmapped;G1;;Trusting;direct;Social vs formal task-only relations. 'Limit interruptions' flirts with Scheduling but the axis is task vs relationship.;Trusting;;;;;;;;;;;
r3_41;Should a company promote and facilitate social interactions among employees via technology (E.g. social media platforms, team-building software) or prioritize task efficiency?;Promote social interactions, it improves interpersonal relationships and creates a harmonious environment.;Prioritize task efficiency, socializing should be spontaneous, not facilitated by the company.;Unmapped;G1;;Trusting;direct;Company-facilitated relationships vs task efficiency. Borderline;Unmapped;;;;;;;;;;;
r3_49;What would be your priority when assigning roles for the festival organization, if you are in the logistics business?;Designating roles based on building relationships and effective cooperation.;Appointing individuals based on their ability to deliver results and tackle challenges effectively.;Unmapped;G1;;Trusting;direct;Roles assigned on relationships vs on ability to deliver = relationship- vs task-based. Borderline with performance orientation.;Trusting;;;;;;;;;;;
r3_71;What are your thoughts on informal meetings or team huddles during work hours?;Informal meetings can be refreshing and beneficial as they allow room for open communication and camaraderie.;Work hours should be strictly dedicated to formal work activities. Informal meetings can be a distraction.;Unmapped;G1;;Trusting;direct;Informal camaraderie vs formal task-only work. 'Distraction' wording flirts with Scheduling but the axis is task vs relationship.;Unmapped;;;;;;;;;;;
